"(이커머스)SSA_위클리(2026.09.14.~2026.09.16.),1919967"
캠페인유형,일별,캠페인,광고그룹,PC/모바일 매체,시간대별,노출수,클릭수,총비용,평균노출순위
쇼핑검색,2026.09.16.,CN~Onpc_PK~cpc_KS~bap_FS~loe,FF~nt750xhwa51a_BS~oth,PC,10시~11시,200,4,8283,3
쇼핑검색,2026.09.16.,CN~Onpc_PK~cpc_KS~bap_FS~loe,FF~nt750xhwa51a_BS~oth,PC,11시~12시,159,3,5652,3
쇼핑검색,2026.09.16.,CN~Onpc_PK~cpc_KS~bap_FS~loe,FF~nt750xhwa51a_BS~oth,PC,12시~13시,108,2,4769,2.8
쇼핑검색,2026.09.16.,CN~Onpc_PK~cpc_KS~bap_FS~loe,FF~nt750xhwa51a_BS~oth,PC,13시~14시,221,9,22088,2.6
쇼핑검색,2026.09.16.,CN~Onpc_PK~cpc_KS~bap_FS~loe,FF~nt750xhwa51a_BS~oth,PC,14시~15시,231,4,10078,3
쇼핑검색,2026.09.16.,CN~Onpc_PK~cpc_KS~bap_FS~loe,FF~nt750xhwa51a_BS~oth,PC,15시~16시,53,5,11884,2.3
쇼핑검색,2026.09.15.,CN~Onpc_PK~cpc_KS~bap_FS~loe,FF~nt750xhwa51a_BS~oth,PC,18시~19시,68,3,2290,2
쇼핑검색,2026.09.15.,CN~Onpc_PK~cpc_KS~bap_FS~loe,FF~nt750xhwa51a_BS~oth,PC,19시~20시,146,1,3202,3
쇼핑검색,2026.09.15.,CN~Onpc_PK~cpc_KS~bap_FS~loe,FF~nt750xhwa51a_BS~oth,PC,20시~21시,62,2,5723,2.5
쇼핑검색,2026.09.15.,CN~Onpc_PK~cpc_KS~bap_FS~loe,FF~nt750xhwa51a_BS~oth,PC,21시~22시,70,2,7113,2.6
쇼핑검색,2026.09.15.,CN~Onpc_PK~cpc_KS~bap_FS~loe,FF~nt750xhwa51a_BS~oth,PC,22시~23시,97,2,4856,2.7
쇼핑검색,2026.09.16.,CN~Onpc_PK~cpc_KS~bap_FS~loe,FF~nt750xhwa51a_BS~oth,모바일,00시~01시,4,0,0,2.8
쇼핑검색,2026.09.16.,CN~Onpc_PK~cpc_KS~bap_FS~loe,FF~nt750xhwa51a_BS~oth,모바일,10시~11시,390,6,21389,3.4
쇼핑검색,2026.09.16.,CN~Onpc_PK~cpc_KS~bap_FS~loe,FF~nt750xhwa51a_BS~oth,모바일,11시~12시,420,7,19229,3.2
쇼핑검색,2026.09.16.,CN~Onpc_PK~cpc_KS~bap_FS~loe,FF~nt750xhwa51a_BS~oth,모바일,12시~13시,449,10,22426,3.3
쇼핑검색,2026.09.16.,CN~Onpc_PK~cpc_KS~bap_FS~loe,FF~nt750xhwa51a_BS~oth,모바일,13시~14시,372,8,27256,3.5
쇼핑검색,2026.09.16.,CN~Onpc_PK~cpc_KS~bap_FS~loe,FF~nt750xhwa51a_BS~oth,모바일,14시~15시,403,9,22497,3.4
쇼핑검색,2026.09.16.,CN~Onpc_PK~cpc_KS~bap_FS~loe,FF~nt750xhwa51a_BS~oth,모바일,15시~16시,108,2,5116,3.3
쇼핑검색,2026.09.16.,CN~Onpc_PK~cpc_KS~bap_FS~loe,FF~nt750xhwa51a_BS~oth,모바일,16시~17시,2,0,0,2.5
쇼핑검색,2026.09.15.,CN~Onpc_PK~cpc_KS~bap_FS~loe,FF~nt750xhwa51a_BS~oth,모바일,18시~19시,278,7,9714,2.6
쇼핑검색,2026.09.15.,CN~Onpc_PK~cpc_KS~bap_FS~loe,FF~nt750xhwa51a_BS~oth,모바일,19시~20시,500,13,23892,3.1
쇼핑검색,2026.09.15.,CN~Onpc_PK~cpc_KS~bap_FS~loe,FF~nt750xhwa51a_BS~oth,모바일,20시~21시,603,9,21016,3.1
쇼핑검색,2026.09.15.,CN~Onpc_PK~cpc_KS~bap_FS~loe,FF~nt750xhwa51a_BS~oth,모바일,21시~22시,585,8,16397,3.2
쇼핑검색,2026.09.15.,CN~Onpc_PK~cpc_KS~bap_FS~loe,FF~nt750xhwa51a_BS~oth,모바일,22시~23시,711,6,16984,3.1
쇼핑검색,2026.09.15.,CN~Onpc_PK~cpc_KS~bap_FS~loe,FF~nt750xhwa51a_BS~oth,모바일,23시~00시,12,0,0,3.3
쇼핑검색,2026.09.16.,CN~Onpc_PK~cpc_KS~bap_FS~loe,FF~nt940xjgk51a_BS~oth,PC,10시~11시,541,3,12199,1.9
쇼핑검색,2026.09.16.,CN~Onpc_PK~cpc_KS~bap_FS~loe,FF~nt940xjgk51a_BS~oth,PC,11시~12시,462,5,16675,1.8
쇼핑검색,2026.09.16.,CN~Onpc_PK~cpc_KS~bap_FS~loe,FF~nt940xjgk51a_BS~oth,PC,12시~13시,278,5,19145,1.8
쇼핑검색,2026.09.16.,CN~Onpc_PK~cpc_KS~bap_FS~loe,FF~nt940xjgk51a_BS~oth,PC,13시~14시,505,11,40383,1.9
쇼핑검색,2026.09.16.,CN~Onpc_PK~cpc_KS~bap_FS~loe,FF~nt940xjgk51a_BS~oth,PC,14시~15시,500,10,38374,2.1
쇼핑검색,2026.09.16.,CN~Onpc_PK~cpc_KS~bap_FS~loe,FF~nt940xjgk51a_BS~oth,PC,15시~16시,108,5,14778,1.8
쇼핑검색,2026.09.15.,CN~Onpc_PK~cpc_KS~bap_FS~loe,FF~nt940xjgk51a_BS~oth,PC,18시~19시,113,1,1389,1.5
쇼핑검색,2026.09.15.,CN~Onpc_PK~cpc_KS~bap_FS~loe,FF~nt940xjgk51a_BS~oth,PC,19시~20시,312,2,2710,1.9
쇼핑검색,2026.09.15.,CN~Onpc_PK~cpc_KS~bap_FS~loe,FF~nt940xjgk51a_BS~oth,PC,20시~21시,194,1,1696,1.5
쇼핑검색,2026.09.15.,CN~Onpc_PK~cpc_KS~bap_FS~loe,FF~nt940xjgk51a_BS~oth,PC,21시~22시,209,3,7252,1.7
쇼핑검색,2026.09.15.,CN~Onpc_PK~cpc_KS~bap_FS~loe,FF~nt940xjgk51a_BS~oth,PC,22시~23시,230,7,22546,1.8
쇼핑검색,2026.09.16.,CN~Onpc_PK~cpc_KS~bap_FS~loe,FF~nt940xjgk51a_BS~oth,모바일,00시~01시,4,0,0,2.3
쇼핑검색,2026.09.16.,CN~Onpc_PK~cpc_KS~bap_FS~loe,FF~nt940xjgk51a_BS~oth,모바일,10시~11시,680,12,35892,2.6
쇼핑검색,2026.09.16.,CN~Onpc_PK~cpc_KS~bap_FS~loe,FF~nt940xjgk51a_BS~oth,모바일,11시~12시,700,12,41089,2.5
쇼핑검색,2026.09.16.,CN~Onpc_PK~cpc_KS~bap_FS~loe,FF~nt940xjgk51a_BS~oth,모바일,12시~13시,779,14,50938,2.5
쇼핑검색,2026.09.16.,CN~Onpc_PK~cpc_KS~bap_FS~loe,FF~nt940xjgk51a_BS~oth,모바일,13시~14시,712,12,35739,2.7
쇼핑검색,2026.09.16.,CN~Onpc_PK~cpc_KS~bap_FS~loe,FF~nt940xjgk51a_BS~oth,모바일,14시~15시,750,10,34660,2.6
쇼핑검색,2026.09.16.,CN~Onpc_PK~cpc_KS~bap_FS~loe,FF~nt940xjgk51a_BS~oth,모바일,15시~16시,190,4,15856,2.5
쇼핑검색,2026.09.16.,CN~Onpc_PK~cpc_KS~bap_FS~loe,FF~nt940xjgk51a_BS~oth,모바일,16시~17시,2,0,0,1.5
쇼핑검색,2026.09.15.,CN~Onpc_PK~cpc_KS~bap_FS~loe,FF~nt940xjgk51a_BS~oth,모바일,18시~19시,457,1,2126,2
쇼핑검색,2026.09.15.,CN~Onpc_PK~cpc_KS~bap_FS~loe,FF~nt940xjgk51a_BS~oth,모바일,19시~20시,823,13,48199,2.2
쇼핑검색,2026.09.15.,CN~Onpc_PK~cpc_KS~bap_FS~loe,FF~nt940xjgk51a_BS~oth,모바일,20시~21시,991,15,45712,2.2
쇼핑검색,2026.09.15.,CN~Onpc_PK~cpc_KS~bap_FS~loe,FF~nt940xjgk51a_BS~oth,모바일,21시~22시,1111,12,39386,2.1
쇼핑검색,2026.09.15.,CN~Onpc_PK~cpc_KS~bap_FS~loe,FF~nt940xjgk51a_BS~oth,모바일,22시~23시,1149,13,31651,2.1
쇼핑검색,2026.09.15.,CN~Onpc_PK~cpc_KS~bap_FS~loe,FF~nt940xjgk51a_BS~oth,모바일,23시~00시,17,0,0,2.5
쇼핑검색,2026.09.16.,CN~Onpc_PK~cpc_KS~bap_FS~loe,FF~nt960ujhx72a_BS~oth,PC,10시~11시,418,4,10622,1.4
쇼핑검색,2026.09.16.,CN~Onpc_PK~cpc_KS~bap_FS~loe,FF~nt960ujhx72a_BS~oth,PC,11시~12시,348,5,22916,1.4
쇼핑검색,2026.09.16.,CN~Onpc_PK~cpc_KS~bap_FS~loe,FF~nt960ujhx72a_BS~oth,PC,12시~13시,264,1,4617,1.5
쇼핑검색,2026.09.16.,CN~Onpc_PK~cpc_KS~bap_FS~loe,FF~nt960ujhx72a_BS~oth,PC,13시~14시,445,9,36863,1.5
쇼핑검색,2026.09.16.,CN~Onpc_PK~cpc_KS~bap_FS~loe,FF~nt960ujhx72a_BS~oth,PC,14시~15시,391,3,11212,1.5
쇼핑검색,2026.09.16.,CN~Onpc_PK~cpc_KS~bap_FS~loe,FF~nt960ujhx72a_BS~oth,PC,15시~16시,93,3,14074,1.3
쇼핑검색,2026.09.15.,CN~Onpc_PK~cpc_KS~bap_FS~loe,FF~nt960ujhx72a_BS~oth,PC,18시~19시,53,1,4619,1.1
쇼핑검색,2026.09.15.,CN~Onpc_PK~cpc_KS~bap_FS~loe,FF~nt960ujhx72a_BS~oth,PC,19시~20시,263,0,0,1.2
쇼핑검색,2026.09.15.,CN~Onpc_PK~cpc_KS~bap_FS~loe,FF~nt960ujhx72a_BS~oth,PC,20시~21시,133,2,9247,1.1
쇼핑검색,2026.09.15.,CN~Onpc_PK~cpc_KS~bap_FS~loe,FF~nt960ujhx72a_BS~oth,PC,21시~22시,172,2,9225,1.1
쇼핑검색,2026.09.15.,CN~Onpc_PK~cpc_KS~bap_FS~loe,FF~nt960ujhx72a_BS~oth,PC,22시~23시,211,4,15863,1.1
쇼핑검색,2026.09.16.,CN~Onpc_PK~cpc_KS~bap_FS~loe,FF~nt960ujhx72a_BS~oth,모바일,00시~01시,5,0,0,1
쇼핑검색,2026.09.16.,CN~Onpc_PK~cpc_KS~bap_FS~loe,FF~nt960ujhx72a_BS~oth,모바일,10시~11시,561,8,33810,1.7
쇼핑검색,2026.09.16.,CN~Onpc_PK~cpc_KS~bap_FS~loe,FF~nt960ujhx72a_BS~oth,모바일,11시~12시,600,8,34660,1.6
쇼핑검색,2026.09.16.,CN~Onpc_PK~cpc_KS~bap_FS~loe,FF~nt960ujhx72a_BS~oth,모바일,12시~13시,630,15,68825,1.6
쇼핑검색,2026.09.16.,CN~Onpc_PK~cpc_KS~bap_FS~loe,FF~nt960ujhx72a_BS~oth,모바일,13시~14시,577,11,50459,1.7
쇼핑검색,2026.09.16.,CN~Onpc_PK~cpc_KS~bap_FS~loe,FF~nt960ujhx72a_BS~oth,모바일,14시~15시,604,12,56834,1.8
쇼핑검색,2026.09.16.,CN~Onpc_PK~cpc_KS~bap_FS~loe,FF~nt960ujhx72a_BS~oth,모바일,15시~16시,164,2,9028,1.6
쇼핑검색,2026.09.16.,CN~Onpc_PK~cpc_KS~bap_FS~loe,FF~nt960ujhx72a_BS~oth,모바일,16시~17시,1,0,0,1
쇼핑검색,2026.09.15.,CN~Onpc_PK~cpc_KS~bap_FS~loe,FF~nt960ujhx72a_BS~oth,모바일,18시~19시,186,2,9238,1.2
쇼핑검색,2026.09.15.,CN~Onpc_PK~cpc_KS~bap_FS~loe,FF~nt960ujhx72a_BS~oth,모바일,19시~20시,561,7,33767,1.2
쇼핑검색,2026.09.15.,CN~Onpc_PK~cpc_KS~bap_FS~loe,FF~nt960ujhx72a_BS~oth,모바일,20시~21시,693,14,66039,1.2
쇼핑검색,2026.09.15.,CN~Onpc_PK~cpc_KS~bap_FS~loe,FF~nt960ujhx72a_BS~oth,모바일,21시~22시,726,18,84102,1.2
쇼핑검색,2026.09.15.,CN~Onpc_PK~cpc_KS~bap_FS~loe,FF~nt960ujhx72a_BS~oth,모바일,22시~23시,849,11,45787,1.2
쇼핑검색,2026.09.15.,CN~Onpc_PK~cpc_KS~bap_FS~loe,FF~nt960ujhx72a_BS~oth,모바일,23시~00시,19,0,0,1.2
쇼핑검색,2026.09.14.,CN~Onpc_PK~cpc_KS~bap_FS~loe,NT740VJQ-A38A,PC,18시~19시,95,5,19669,1.1
쇼핑검색,2026.09.14.,CN~Onpc_PK~cpc_KS~bap_FS~loe,NT740VJQ-A38A,PC,19시~20시,201,7,26997,1.1
쇼핑검색,2026.09.14.,CN~Onpc_PK~cpc_KS~bap_FS~loe,NT740VJQ-A38A,PC,20시~21시,228,7,28388,1.2
쇼핑검색,2026.09.14.,CN~Onpc_PK~cpc_KS~bap_FS~loe,NT740VJQ-A38A,모바일,18시~19시,241,13,44718,1.2
쇼핑검색,2026.09.14.,CN~Onpc_PK~cpc_KS~bap_FS~loe,NT740VJQ-A38A,모바일,19시~20시,663,26,99238,1.2
쇼핑검색,2026.09.14.,CN~Onpc_PK~cpc_KS~bap_FS~loe,NT740VJQ-A38A,모바일,20시~21시,739,29,109605,1.1
쇼핑검색,2026.09.14.,CN~Onpc_PK~cpc_KS~bap_FS~loe,NT740VJQ-A38A,모바일,21시~22시,8,0,0,1
쇼핑검색,2026.09.14.,CN~Onpc_PK~cpc_KS~bap_FS~loe,NT740VJQ-A58A,PC,18시~19시,78,2,4662,2.2
쇼핑검색,2026.09.14.,CN~Onpc_PK~cpc_KS~bap_FS~loe,NT740VJQ-A58A,PC,19시~20시,147,3,11608,2.4
쇼핑검색,2026.09.14.,CN~Onpc_PK~cpc_KS~bap_FS~loe,NT740VJQ-A58A,PC,20시~21시,177,1,4344,2.4
쇼핑검색,2026.09.14.,CN~Onpc_PK~cpc_KS~bap_FS~loe,NT740VJQ-A58A,모바일,18시~19시,231,6,13572,2.5
쇼핑검색,2026.09.14.,CN~Onpc_PK~cpc_KS~bap_FS~loe,NT740VJQ-A58A,모바일,19시~20시,652,16,51799,2.5
쇼핑검색,2026.09.14.,CN~Onpc_PK~cpc_KS~bap_FS~loe,NT740VJQ-A58A,모바일,20시~21시,714,10,31828,2.6
쇼핑검색,2026.09.14.,CN~Onpc_PK~cpc_KS~bap_FS~loe,NT740VJQ-A58A,모바일,21시~22시,8,0,0,2.4
쇼핑검색,2026.09.16.,쇼핑검색_모니터,"LS32FG500_19~21,29~30",PC,07시~08시,94,0,0,1.1
쇼핑검색,2026.09.16.,쇼핑검색_모니터,"LS32FG500_19~21,29~30",PC,08시~09시,170,2,6385,1.2
쇼핑검색,2026.09.14.,쇼핑검색_모니터,"LS32FG500_19~21,29~30",PC,09시~10시,268,6,16328,1.2
쇼핑검색,2026.09.15.,쇼핑검색_모니터,"LS32FG500_19~21,29~30",PC,09시~10시,311,6,17352,1.4
쇼핑검색,2026.09.16.,쇼핑검색_모니터,"LS32FG500_19~21,29~30",PC,09시~10시,221,2,4862,1.4
쇼핑검색,2026.09.14.,쇼핑검색_모니터,"LS32FG500_19~21,29~30",PC,10시~11시,303,1,2529,1.8
쇼핑검색,2026.09.15.,쇼핑검색_모니터,"LS32FG500_19~21,29~30",PC,10시~11시,186,5,18458,2.4
쇼핑검색,2026.09.16.,쇼핑검색_모니터,"LS32FG500_19~21,29~30",PC,10시~11시,329,6,16279,1.7
쇼핑검색,2026.09.14.,쇼핑검색_모니터,"LS32FG500_19~21,29~30",PC,11시~12시,314,8,20815,1.6
쇼핑검색,2026.09.15.,쇼핑검색_모니터,"LS32FG500_19~21,29~30",PC,11시~12시,202,1,3317,2.3
쇼핑검색,2026.09.16.,쇼핑검색_모니터,"LS32FG500_19~21,29~30",PC,11시~12시,282,10,30004,1.5
쇼핑검색,2026.09.14.,쇼핑검색_모니터,"LS32FG500_19~21,29~30",PC,12시~13시,217,4,10889,1.7
쇼핑검색,2026.09.15.,쇼핑검색_모니터,"LS32FG500_19~21,29~30",PC,12시~13시,147,2,7454,2.2
쇼핑검색,2026.09.16.,쇼핑검색_모니터,"LS32FG500_19~21,29~30",PC,12시~13시,225,4,8025,1.5
쇼핑검색,2026.09.14.,쇼핑검색_모니터,"LS32FG500_19~21,29~30",PC,13시~14시,237,5,16307,2.2
쇼핑검색,2026.09.15.,쇼핑검색_모니터,"LS32FG500_19~21,29~30",PC,13시~14시,215,3,8873,2.1
쇼핑검색,2026.09.16.,쇼핑검색_모니터,"LS32FG500_19~21,29~30",PC,13시~14시,272,4,13838,1.7
쇼핑검색,2026.09.14.,쇼핑검색_모니터,"LS32FG500_19~21,29~30",PC,14시~15시,261,7,22152,1.7
쇼핑검색,2026.09.15.,쇼핑검색_모니터,"LS32FG500_19~21,29~30",PC,14시~15시,318,8,21124,1.6
쇼핑검색,2026.09.16.,쇼핑검색_모니터,"LS32FG500_19~21,29~30",PC,14시~15시,280,4,10573,1.7
쇼핑검색,2026.09.14.,쇼핑검색_모니터,"LS32FG500_19~21,29~30",PC,15시~16시,219,2,6650,1.9
쇼핑검색,2026.09.15.,쇼핑검색_모니터,"LS32FG500_19~21,29~30",PC,15시~16시,313,6,19736,1.5
쇼핑검색,2026.09.16.,쇼핑검색_모니터,"LS32FG500_19~21,29~30",PC,15시~16시,280,11,29608,1.5
쇼핑검색,2026.09.14.,쇼핑검색_모니터,"LS32FG500_19~21,29~30",PC,16시~17시,264,4,11510,1.8
쇼핑검색,2026.09.15.,쇼핑검색_모니터,"LS32FG500_19~21,29~30",PC,16시~17시,267,5,9485,1.8
쇼핑검색,2026.09.16.,쇼핑검색_모니터,"LS32FG500_19~21,29~30",PC,16시~17시,277,9,23364,1.5
쇼핑검색,2026.09.14.,쇼핑검색_모니터,"LS32FG500_19~21,29~30",PC,17시~18시,188,2,5182,1.8
쇼핑검색,2026.09.15.,쇼핑검색_모니터,"LS32FG500_19~21,29~30",PC,17시~18시,295,8,15214,1.5
쇼핑검색,2026.09.16.,쇼핑검색_모니터,"LS32FG500_19~21,29~30",PC,17시~18시,211,5,15794,1.6
쇼핑검색,2026.09.14.,쇼핑검색_모니터,"LS32FG500_19~21,29~30",PC,18시~19시,144,1,3145,2
쇼핑검색,2026.09.15.,쇼핑검색_모니터,"LS32FG500_19~21,29~30",PC,18시~19시,165,6,15321,1.4
쇼핑검색,2026.09.16.,쇼핑검색_모니터,"LS32FG500_19~21,29~30",PC,18시~19시,138,2,5661,1.7
쇼핑검색,2026.09.14.,쇼핑검색_모니터,"LS32FG500_19~21,29~30",PC,19시~20시,96,0,0,2.4
쇼핑검색,2026.09.15.,쇼핑검색_모니터,"LS32FG500_19~21,29~30",PC,19시~20시,134,2,5024,1.9
쇼핑검색,2026.09.16.,쇼핑검색_모니터,"LS32FG500_19~21,29~30",PC,19시~20시,96,2,6738,2
쇼핑검색,2026.09.14.,쇼핑검색_모니터,"LS32FG500_19~21,29~30",PC,20시~21시,111,2,5334,1.9
쇼핑검색,2026.09.15.,쇼핑검색_모니터,"LS32FG500_19~21,29~30",PC,20시~21시,201,3,9393,1.8
쇼핑검색,2026.09.16.,쇼핑검색_모니터,"LS32FG500_19~21,29~30",PC,20시~21시,116,2,6180,2
쇼핑검색,2026.09.14.,쇼핑검색_모니터,"LS32FG500_19~21,29~30",PC,21시~22시,121,0,0,2.6
쇼핑검색,2026.09.15.,쇼핑검색_모니터,"LS32FG500_19~21,29~30",PC,21시~22시,183,2,1492,1.6
쇼핑검색,2026.09.16.,쇼핑검색_모니터,"LS32FG500_19~21,29~30",PC,21시~22시,161,1,1608,1.7
쇼핑검색,2026.09.14.,쇼핑검색_모니터,"LS32FG500_19~21,29~30",PC,22시~23시,148,5,16047,2.1
쇼핑검색,2026.09.15.,쇼핑검색_모니터,"LS32FG500_19~21,29~30",PC,22시~23시,169,4,10705,1.4
쇼핑검색,2026.09.16.,쇼핑검색_모니터,"LS32FG500_19~21,29~30",PC,22시~23시,123,2,5338,1.6
쇼핑검색,2026.09.14.,쇼핑검색_모니터,"LS32FG500_19~21,29~30",PC,23시~00시,118,5,17929,1.8
쇼핑검색,2026.09.15.,쇼핑검색_모니터,"LS32FG500_19~21,29~30",PC,23시~00시,144,0,0,1.6
쇼핑검색,2026.09.16.,쇼핑검색_모니터,"LS32FG500_19~21,29~30",PC,23시~00시,186,4,10667,1.7
쇼핑검색,2026.09.15.,쇼핑검색_모니터,"LS32FG500_19~21,29~30",모바일,00시~01시,1,0,0,3
쇼핑검색,2026.09.16.,쇼핑검색_모니터,"LS32FG500_19~21,29~30",모바일,00시~01시,3,0,0,1.3
쇼핑검색,2026.09.16.,쇼핑검색_모니터,"LS32FG500_19~21,29~30",모바일,07시~08시,139,2,3963,1.1
쇼핑검색,2026.09.16.,쇼핑검색_모니터,"LS32FG500_19~21,29~30",모바일,08시~09시,209,4,10618,1.1
쇼핑검색,2026.09.14.,쇼핑검색_모니터,"LS32FG500_19~21,29~30",모바일,09시~10시,234,10,25544,1.2
쇼핑검색,2026.09.15.,쇼핑검색_모니터,"LS32FG500_19~21,29~30",모바일,09시~10시,190,2,7128,1.7
쇼핑검색,2026.09.16.,쇼핑검색_모니터,"LS32FG500_19~21,29~30",모바일,09시~10시,188,2,4936,1.2
쇼핑검색,2026.09.14.,쇼핑검색_모니터,"LS32FG500_19~21,29~30",모바일,10시~11시,219,4,9014,1.9
쇼핑검색,2026.09.15.,쇼핑검색_모니터,"LS32FG500_19~21,29~30",모바일,10시~11시,218,1,3615,2.6
쇼핑검색,2026.09.16.,쇼핑검색_모니터,"LS32FG500_19~21,29~30",모바일,10시~11시,235,6,13821,1.5
쇼핑검색,2026.09.14.,쇼핑검색_모니터,"LS32FG500_19~21,29~30",모바일,11시~12시,237,6,14897,1.7
쇼핑검색,2026.09.15.,쇼핑검색_모니터,"LS32FG500_19~21,29~30",모바일,11시~12시,235,5,16855,2.3
쇼핑검색,2026.09.16.,쇼핑검색_모니터,"LS32FG500_19~21,29~30",모바일,11시~12시,237,11,25564,1.4
쇼핑검색,2026.09.14.,쇼핑검색_모니터,"LS32FG500_19~21,29~30",모바일,12시~13시,194,8,27322,2.2
쇼핑검색,2026.09.15.,쇼핑검색_모니터,"LS32FG500_19~21,29~30",모바일,12시~13시,227,6,18882,2.3
쇼핑검색,2026.09.16.,쇼핑검색_모니터,"LS32FG500_19~21,29~30",모바일,12시~13시,289,7,19680,1.5
쇼핑검색,2026.09.14.,쇼핑검색_모니터,"LS32FG500_19~21,29~30",모바일,13시~14시,240,6,18039,2.1
쇼핑검색,2026.09.15.,쇼핑검색_모니터,"LS32FG500_19~21,29~30",모바일,13시~14시,195,7,20585,2.6
쇼핑검색,2026.09.16.,쇼핑검색_모니터,"LS32FG500_19~21,29~30",모바일,13시~14시,290,6,15900,1.6
쇼핑검색,2026.09.14.,쇼핑검색_모니터,"LS32FG500_19~21,29~30",모바일,14시~15시,220,5,14589,1.7
쇼핑검색,2026.09.15.,쇼핑검색_모니터,"LS32FG500_19~21,29~30",모바일,14시~15시,243,6,14736,1.5
쇼핑검색,2026.09.16.,쇼핑검색_모니터,"LS32FG500_19~21,29~30",모바일,14시~15시,292,12,33626,1.5
쇼핑검색,2026.09.14.,쇼핑검색_모니터,"LS32FG500_19~21,29~30",모바일,15시~16시,247,11,33072,2.1
쇼핑검색,2026.09.15.,쇼핑검색_모니터,"LS32FG500_19~21,29~30",모바일,15시~16시,221,1,2108,1.5
쇼핑검색,2026.09.16.,쇼핑검색_모니터,"LS32FG500_19~21,29~30",모바일,15시~16시,279,7,18498,1.4
쇼핑검색,2026.09.14.,쇼핑검색_모니터,"LS32FG500_19~21,29~30",모바일,16시~17시,498,5,16242,2.4
쇼핑검색,2026.09.15.,쇼핑검색_모니터,"LS32FG500_19~21,29~30",모바일,16시~17시,259,6,15110,1.4
쇼핑검색,2026.09.16.,쇼핑검색_모니터,"LS32FG500_19~21,29~30",모바일,16시~17시,283,8,21358,1.6
쇼핑검색,2026.09.14.,쇼핑검색_모니터,"LS32FG500_19~21,29~30",모바일,17시~18시,253,8,28126,2
쇼핑검색,2026.09.15.,쇼핑검색_모니터,"LS32FG500_19~21,29~30",모바일,17시~18시,214,8,19466,1.6
쇼핑검색,2026.09.16.,쇼핑검색_모니터,"LS32FG500_19~21,29~30",모바일,17시~18시,280,5,11119,1.5
쇼핑검색,2026.09.14.,쇼핑검색_모니터,"LS32FG500_19~21,29~30",모바일,18시~19시,209,1,3077,2.1
쇼핑검색,2026.09.15.,쇼핑검색_모니터,"LS32FG500_19~21,29~30",모바일,18시~19시,220,10,24523,1.4
쇼핑검색,2026.09.16.,쇼핑검색_모니터,"LS32FG500_19~21,29~30",모바일,18시~19시,241,6,19032,1.5
쇼핑검색,2026.09.14.,쇼핑검색_모니터,"LS32FG500_19~21,29~30",모바일,19시~20시,213,2,6972,2.3
쇼핑검색,2026.09.15.,쇼핑검색_모니터,"LS32FG500_19~21,29~30",모바일,19시~20시,299,6,14145,1.7
쇼핑검색,2026.09.16.,쇼핑검색_모니터,"LS32FG500_19~21,29~30",모바일,19시~20시,232,3,6590,1.9
쇼핑검색,2026.09.14.,쇼핑검색_모니터,"LS32FG500_19~21,29~30",모바일,20시~21시,205,0,0,2.2
쇼핑검색,2026.09.15.,쇼핑검색_모니터,"LS32FG500_19~21,29~30",모바일,20시~21시,234,10,25224,1.5
쇼핑검색,2026.09.16.,쇼핑검색_모니터,"LS32FG500_19~21,29~30",모바일,20시~21시,291,6,16084,1.5
쇼핑검색,2026.09.14.,쇼핑검색_모니터,"LS32FG500_19~21,29~30",모바일,21시~22시,260,13,39429,2.1
쇼핑검색,2026.09.15.,쇼핑검색_모니터,"LS32FG500_19~21,29~30",모바일,21시~22시,309,10,20155,1.5
쇼핑검색,2026.09.16.,쇼핑검색_모니터,"LS32FG500_19~21,29~30",모바일,21시~22시,308,8,19929,1.5
쇼핑검색,2026.09.14.,쇼핑검색_모니터,"LS32FG500_19~21,29~30",모바일,22시~23시,255,7,23499,2.1
쇼핑검색,2026.09.15.,쇼핑검색_모니터,"LS32FG500_19~21,29~30",모바일,22시~23시,288,2,4691,1.5
쇼핑검색,2026.09.16.,쇼핑검색_모니터,"LS32FG500_19~21,29~30",모바일,22시~23시,232,8,18933,1.8
쇼핑검색,2026.09.14.,쇼핑검색_모니터,"LS32FG500_19~21,29~30",모바일,23시~00시,235,8,23010,1.9
쇼핑검색,2026.09.15.,쇼핑검색_모니터,"LS32FG500_19~21,29~30",모바일,23시~00시,216,1,1612,1.5
쇼핑검색,2026.09.16.,쇼핑검색_모니터,"LS32FG500_19~21,29~30",모바일,23시~00시,225,3,8410,1.5
쇼핑검색,2026.09.16.,쇼핑검색_모니터,LS32HG730SKXKR,PC,07시~08시,79,3,5591,2.5
쇼핑검색,2026.09.16.,쇼핑검색_모니터,LS32HG730SKXKR,PC,08시~09시,157,1,4133,2.5
쇼핑검색,2026.09.14.,쇼핑검색_모니터,LS32HG730SKXKR,PC,09시~10시,192,3,8521,2.8
쇼핑검색,2026.09.15.,쇼핑검색_모니터,LS32HG730SKXKR,PC,09시~10시,261,1,4072,3.1
쇼핑검색,2026.09.16.,쇼핑검색_모니터,LS32HG730SKXKR,PC,09시~10시,194,2,5793,2.5
쇼핑검색,2026.09.14.,쇼핑검색_모니터,LS32HG730SKXKR,PC,10시~11시,186,0,0,3.8
쇼핑검색,2026.09.15.,쇼핑검색_모니터,LS32HG730SKXKR,PC,10시~11시,137,0,0,4.5
쇼핑검색,2026.09.16.,쇼핑검색_모니터,LS32HG730SKXKR,PC,10시~11시,168,0,0,3.5
쇼핑검색,2026.09.14.,쇼핑검색_모니터,LS32HG730SKXKR,PC,11시~12시,176,0,0,4.2
쇼핑검색,2026.09.15.,쇼핑검색_모니터,LS32HG730SKXKR,PC,11시~12시,139,3,8741,4
쇼핑검색,2026.09.16.,쇼핑검색_모니터,LS32HG730SKXKR,PC,11시~12시,161,3,5166,3.1
쇼핑검색,2026.09.14.,쇼핑검색_모니터,LS32HG730SKXKR,PC,12시~13시,133,1,2741,4.5
쇼핑검색,2026.09.15.,쇼핑검색_모니터,LS32HG730SKXKR,PC,12시~13시,116,2,3673,3.8
쇼핑검색,2026.09.16.,쇼핑검색_모니터,LS32HG730SKXKR,PC,12시~13시,112,1,1072,3.1
쇼핑검색,2026.09.14.,쇼핑검색_모니터,LS32HG730SKXKR,PC,13시~14시,129,1,2844,4.9
쇼핑검색,2026.09.15.,쇼핑검색_모니터,LS32HG730SKXKR,PC,13시~14시,158,1,3570,3.9
쇼핑검색,2026.09.16.,쇼핑검색_모니터,LS32HG730SKXKR,PC,13시~14시,133,0,0,3.9
쇼핑검색,2026.09.14.,쇼핑검색_모니터,LS32HG730SKXKR,PC,14시~15시,138,0,0,3.6
쇼핑검색,2026.09.15.,쇼핑검색_모니터,LS32HG730SKXKR,PC,14시~15시,173,1,3321,3
쇼핑검색,2026.09.16.,쇼핑검색_모니터,LS32HG730SKXKR,PC,14시~15시,169,4,9881,3.6
쇼핑검색,2026.09.14.,쇼핑검색_모니터,LS32HG730SKXKR,PC,15시~16시,127,3,8383,4.2
쇼핑검색,2026.09.15.,쇼핑검색_모니터,LS32HG730SKXKR,PC,15시~16시,169,2,6298,3
쇼핑검색,2026.09.16.,쇼핑검색_모니터,LS32HG730SKXKR,PC,15시~16시,156,1,2311,2.7
쇼핑검색,2026.09.14.,쇼핑검색_모니터,LS32HG730SKXKR,PC,16시~17시,183,2,4500,4
쇼핑검색,2026.09.15.,쇼핑검색_모니터,LS32HG730SKXKR,PC,16시~17시,155,5,11436,3.1
쇼핑검색,2026.09.16.,쇼핑검색_모니터,LS32HG730SKXKR,PC,16시~17시,156,3,7303,2.7
쇼핑검색,2026.09.14.,쇼핑검색_모니터,LS32HG730SKXKR,PC,17시~18시,168,0,0,3.3
쇼핑검색,2026.09.15.,쇼핑검색_모니터,LS32HG730SKXKR,PC,17시~18시,173,3,9808,2.8
쇼핑검색,2026.09.16.,쇼핑검색_모니터,LS32HG730SKXKR,PC,17시~18시,130,4,10000,3.2
쇼핑검색,2026.09.14.,쇼핑검색_모니터,LS32HG730SKXKR,PC,18시~19시,88,1,2413,3.1
쇼핑검색,2026.09.15.,쇼핑검색_모니터,LS32HG730SKXKR,PC,18시~19시,98,1,4048,2.8
쇼핑검색,2026.09.16.,쇼핑검색_모니터,LS32HG730SKXKR,PC,18시~19시,62,0,0,3
쇼핑검색,2026.09.14.,쇼핑검색_모니터,LS32HG730SKXKR,PC,19시~20시,63,0,0,4.2
쇼핑검색,2026.09.15.,쇼핑검색_모니터,LS32HG730SKXKR,PC,19시~20시,71,0,0,3.8
쇼핑검색,2026.09.16.,쇼핑검색_모니터,LS32HG730SKXKR,PC,19시~20시,45,0,0,4.6
쇼핑검색,2026.09.14.,쇼핑검색_모니터,LS32HG730SKXKR,PC,20시~21시,84,3,8254,3.7
쇼핑검색,2026.09.15.,쇼핑검색_모니터,LS32HG730SKXKR,PC,20시~21시,110,0,0,4.4
쇼핑검색,2026.09.16.,쇼핑검색_모니터,LS32HG730SKXKR,PC,20시~21시,100,2,837,3.3
쇼핑검색,2026.09.14.,쇼핑검색_모니터,LS32HG730SKXKR,PC,21시~22시,92,1,2935,5
쇼핑검색,2026.09.15.,쇼핑검색_모니터,LS32HG730SKXKR,PC,21시~22시,114,0,0,3.2
쇼핑검색,2026.09.16.,쇼핑검색_모니터,LS32HG730SKXKR,PC,21시~22시,99,1,3925,3
쇼핑검색,2026.09.14.,쇼핑검색_모니터,LS32HG730SKXKR,PC,22시~23시,109,0,0,3.4
쇼핑검색,2026.09.15.,쇼핑검색_모니터,LS32HG730SKXKR,PC,22시~23시,104,1,3259,2.5
쇼핑검색,2026.09.16.,쇼핑검색_모니터,LS32HG730SKXKR,PC,22시~23시,90,2,2917,2.6
쇼핑검색,2026.09.14.,쇼핑검색_모니터,LS32HG730SKXKR,PC,23시~00시,89,1,2490,2.7
쇼핑검색,2026.09.15.,쇼핑검색_모니터,LS32HG730SKXKR,PC,23시~00시,77,2,3338,2.8
쇼핑검색,2026.09.16.,쇼핑검색_모니터,LS32HG730SKXKR,PC,23시~00시,133,3,9517,2.5
쇼핑검색,2026.09.15.,쇼핑검색_모니터,LS32HG730SKXKR,모바일,00시~01시,1,0,0,5
쇼핑검색,2026.09.16.,쇼핑검색_모니터,LS32HG730SKXKR,모바일,00시~01시,3,0,0,3
쇼핑검색,2026.09.16.,쇼핑검색_모니터,LS32HG730SKXKR,모바일,01시~02시,1,0,0,1
쇼핑검색,2026.09.16.,쇼핑검색_모니터,LS32HG730SKXKR,모바일,07시~08시,122,2,5141,2.3
쇼핑검색,2026.09.16.,쇼핑검색_모니터,LS32HG730SKXKR,모바일,08시~09시,199,1,2707,2.3
쇼핑검색,2026.09.14.,쇼핑검색_모니터,LS32HG730SKXKR,모바일,09시~10시,234,4,9391,2.6
쇼핑검색,2026.09.15.,쇼핑검색_모니터,LS32HG730SKXKR,모바일,09시~10시,153,2,3871,3.1
쇼핑검색,2026.09.16.,쇼핑검색_모니터,LS32HG730SKXKR,모바일,09시~10시,156,1,3985,2.2
쇼핑검색,2026.09.14.,쇼핑검색_모니터,LS32HG730SKXKR,모바일,10시~11시,188,4,11917,2.9
쇼핑검색,2026.09.15.,쇼핑검색_모니터,LS32HG730SKXKR,모바일,10시~11시,178,1,3508,3.4
쇼핑검색,2026.09.16.,쇼핑검색_모니터,LS32HG730SKXKR,모바일,10시~11시,225,1,1642,3.1
쇼핑검색,2026.09.14.,쇼핑검색_모니터,LS32HG730SKXKR,모바일,11시~12시,185,2,6195,2.9
쇼핑검색,2026.09.15.,쇼핑검색_모니터,LS32HG730SKXKR,모바일,11시~12시,179,3,8723,3.3
쇼핑검색,2026.09.16.,쇼핑검색_모니터,LS32HG730SKXKR,모바일,11시~12시,162,2,4442,3.5
쇼핑검색,2026.09.14.,쇼핑검색_모니터,LS32HG730SKXKR,모바일,12시~13시,130,2,6147,3.3
쇼핑검색,2026.09.15.,쇼핑검색_모니터,LS32HG730SKXKR,모바일,12시~13시,161,2,4576,3.7
쇼핑검색,2026.09.16.,쇼핑검색_모니터,LS32HG730SKXKR,모바일,12시~13시,238,1,2405,3.2
쇼핑검색,2026.09.14.,쇼핑검색_모니터,LS32HG730SKXKR,모바일,13시~14시,133,1,3056,3.8
쇼핑검색,2026.09.15.,쇼핑검색_모니터,LS32HG730SKXKR,모바일,13시~14시,150,1,4152,3.3
쇼핑검색,2026.09.16.,쇼핑검색_모니터,LS32HG730SKXKR,모바일,13시~14시,256,2,5614,3.3
쇼핑검색,2026.09.14.,쇼핑검색_모니터,LS32HG730SKXKR,모바일,14시~15시,176,1,2380,2.9
쇼핑검색,2026.09.15.,쇼핑검색_모니터,LS32HG730SKXKR,모바일,14시~15시,218,0,0,2.9
쇼핑검색,2026.09.16.,쇼핑검색_모니터,LS32HG730SKXKR,모바일,14시~15시,253,1,2313,2.7
쇼핑검색,2026.09.14.,쇼핑검색_모니터,LS32HG730SKXKR,모바일,15시~16시,182,1,1843,2.9
쇼핑검색,2026.09.15.,쇼핑검색_모니터,LS32HG730SKXKR,모바일,15시~16시,212,0,0,2.7
쇼핑검색,2026.09.16.,쇼핑검색_모니터,LS32HG730SKXKR,모바일,15시~16시,236,4,12194,2.5
쇼핑검색,2026.09.14.,쇼핑검색_모니터,LS32HG730SKXKR,모바일,16시~17시,423,0,0,5.6
쇼핑검색,2026.09.15.,쇼핑검색_모니터,LS32HG730SKXKR,모바일,16시~17시,272,2,4885,2.6
쇼핑검색,2026.09.16.,쇼핑검색_모니터,LS32HG730SKXKR,모바일,16시~17시,244,6,17113,3
쇼핑검색,2026.09.14.,쇼핑검색_모니터,LS32HG730SKXKR,모바일,17시~18시,243,3,6759,2.9
쇼핑검색,2026.09.15.,쇼핑검색_모니터,LS32HG730SKXKR,모바일,17시~18시,224,6,15364,3
쇼핑검색,2026.09.16.,쇼핑검색_모니터,LS32HG730SKXKR,모바일,17시~18시,209,1,4146,3
쇼핑검색,2026.09.14.,쇼핑검색_모니터,LS32HG730SKXKR,모바일,18시~19시,176,1,2475,3
쇼핑검색,2026.09.15.,쇼핑검색_모니터,LS32HG730SKXKR,모바일,18시~19시,210,1,3171,2.8
쇼핑검색,2026.09.16.,쇼핑검색_모니터,LS32HG730SKXKR,모바일,18시~19시,183,0,0,2.8
쇼핑검색,2026.09.14.,쇼핑검색_모니터,LS32HG730SKXKR,모바일,19시~20시,190,1,3244,3.2
쇼핑검색,2026.09.15.,쇼핑검색_모니터,LS32HG730SKXKR,모바일,19시~20시,269,1,2431,3.1
쇼핑검색,2026.09.16.,쇼핑검색_모니터,LS32HG730SKXKR,모바일,19시~20시,223,1,4121,3
쇼핑검색,2026.09.14.,쇼핑검색_모니터,LS32HG730SKXKR,모바일,20시~21시,209,2,5371,3
쇼핑검색,2026.09.15.,쇼핑검색_모니터,LS32HG730SKXKR,모바일,20시~21시,223,1,1587,3.1
쇼핑검색,2026.09.16.,쇼핑검색_모니터,LS32HG730SKXKR,모바일,20시~21시,252,1,3666,3
쇼핑검색,2026.09.14.,쇼핑검색_모니터,LS32HG730SKXKR,모바일,21시~22시,216,5,17865,3.1
쇼핑검색,2026.09.15.,쇼핑검색_모니터,LS32HG730SKXKR,모바일,21시~22시,286,2,6690,2.8
쇼핑검색,2026.09.16.,쇼핑검색_모니터,LS32HG730SKXKR,모바일,21시~22시,276,4,14806,2.7
쇼핑검색,2026.09.14.,쇼핑검색_모니터,LS32HG730SKXKR,모바일,22시~23시,243,2,6091,3.2
쇼핑검색,2026.09.15.,쇼핑검색_모니터,LS32HG730SKXKR,모바일,22시~23시,292,2,2681,3
쇼핑검색,2026.09.16.,쇼핑검색_모니터,LS32HG730SKXKR,모바일,22시~23시,231,3,3239,2.8
쇼핑검색,2026.09.14.,쇼핑검색_모니터,LS32HG730SKXKR,모바일,23시~00시,237,2,7041,3.1
쇼핑검색,2026.09.15.,쇼핑검색_모니터,LS32HG730SKXKR,모바일,23시~00시,222,2,5657,2.6
쇼핑검색,2026.09.16.,쇼핑검색_모니터,LS32HG730SKXKR,모바일,23시~00시,218,3,9867,2.8
쇼핑검색,2026.09.16.,쇼핑검색_모니터,LH85BEHHLGFXKR,PC,07시~08시,43,0,0,2.1
쇼핑검색,2026.09.16.,쇼핑검색_모니터,LH85BEHHLGFXKR,PC,08시~09시,84,0,0,2.3
쇼핑검색,2026.09.14.,쇼핑검색_모니터,LH85BEHHLGFXKR,PC,09시~10시,139,1,2541,1.8
쇼핑검색,2026.09.15.,쇼핑검색_모니터,LH85BEHHLGFXKR,PC,09시~10시,147,3,8242,2.6
쇼핑검색,2026.09.16.,쇼핑검색_모니터,LH85BEHHLGFXKR,PC,09시~10시,191,0,0,2.6
쇼핑검색,2026.09.14.,쇼핑검색_모니터,LH85BEHHLGFXKR,PC,10시~11시,184,3,7371,1.9
쇼핑검색,2026.09.15.,쇼핑검색_모니터,LH85BEHHLGFXKR,PC,10시~11시,133,2,6011,2.1
쇼핑검색,2026.09.16.,쇼핑검색_모니터,LH85BEHHLGFXKR,PC,10시~11시,156,2,4137,2.2
쇼핑검색,2026.09.14.,쇼핑검색_모니터,LH85BEHHLGFXKR,PC,11시~12시,199,6,12296,1.9
쇼핑검색,2026.09.15.,쇼핑검색_모니터,LH85BEHHLGFXKR,PC,11시~12시,142,2,5508,2.1
쇼핑검색,2026.09.16.,쇼핑검색_모니터,LH85BEHHLGFXKR,PC,11시~12시,133,3,8512,1.8
쇼핑검색,2026.09.14.,쇼핑검색_모니터,LH85BEHHLGFXKR,PC,12시~13시,116,0,0,1.8
쇼핑검색,2026.09.15.,쇼핑검색_모니터,LH85BEHHLGFXKR,PC,12시~13시,131,2,4757,2.6
쇼핑검색,2026.09.16.,쇼핑검색_모니터,LH85BEHHLGFXKR,PC,12시~13시,108,2,4964,2.4
쇼핑검색,2026.09.14.,쇼핑검색_모니터,LH85BEHHLGFXKR,PC,13시~14시,170,0,0,2.4
쇼핑검색,2026.09.15.,쇼핑검색_모니터,LH85BEHHLGFXKR,PC,13시~14시,200,4,10734,2.3
쇼핑검색,2026.09.16.,쇼핑검색_모니터,LH85BEHHLGFXKR,PC,13시~14시,184,2,3811,2.2
쇼핑검색,2026.09.14.,쇼핑검색_모니터,LH85BEHHLGFXKR,PC,14시~15시,177,4,9732,3
쇼핑검색,2026.09.15.,쇼핑검색_모니터,LH85BEHHLGFXKR,PC,14시~15시,180,2,6161,2
쇼핑검색,2026.09.16.,쇼핑검색_모니터,LH85BEHHLGFXKR,PC,14시~15시,163,3,8474,1.7
쇼핑검색,2026.09.14.,쇼핑검색_모니터,LH85BEHHLGFXKR,PC,15시~16시,191,1,1942,2.4
쇼핑검색,2026.09.15.,쇼핑검색_모니터,LH85BEHHLGFXKR,PC,15시~16시,207,3,7216,2
쇼핑검색,2026.09.16.,쇼핑검색_모니터,LH85BEHHLGFXKR,PC,15시~16시,169,4,7877,1.7
쇼핑검색,2026.09.14.,쇼핑검색_모니터,LH85BEHHLGFXKR,PC,16시~17시,247,3,6257,1.9
쇼핑검색,2026.09.15.,쇼핑검색_모니터,LH85BEHHLGFXKR,PC,16시~17시,215,2,5517,1.9
쇼핑검색,2026.09.16.,쇼핑검색_모니터,LH85BEHHLGFXKR,PC,16시~17시,166,1,2783,1.6
쇼핑검색,2026.09.14.,쇼핑검색_모니터,LH85BEHHLGFXKR,PC,17시~18시,236,1,1843,2.2
쇼핑검색,2026.09.15.,쇼핑검색_모니터,LH85BEHHLGFXKR,PC,17시~18시,130,1,3520,1.8
쇼핑검색,2026.09.16.,쇼핑검색_모니터,LH85BEHHLGFXKR,PC,17시~18시,167,0,0,1.9
쇼핑검색,2026.09.14.,쇼핑검색_모니터,LH85BEHHLGFXKR,PC,18시~19시,125,0,0,2.3
쇼핑검색,2026.09.15.,쇼핑검색_모니터,LH85BEHHLGFXKR,PC,18시~19시,108,0,0,1.9
쇼핑검색,2026.09.16.,쇼핑검색_모니터,LH85BEHHLGFXKR,PC,18시~19시,57,0,0,1.9
쇼핑검색,2026.09.14.,쇼핑검색_모니터,LH85BEHHLGFXKR,PC,19시~20시,83,0,0,2.1
쇼핑검색,2026.09.15.,쇼핑검색_모니터,LH85BEHHLGFXKR,PC,19시~20시,88,1,3018,1.9
쇼핑검색,2026.09.16.,쇼핑검색_모니터,LH85BEHHLGFXKR,PC,19시~20시,59,0,0,2.5
쇼핑검색,2026.09.14.,쇼핑검색_모니터,LH85BEHHLGFXKR,PC,20시~21시,80,0,0,2.1
쇼핑검색,2026.09.15.,쇼핑검색_모니터,LH85BEHHLGFXKR,PC,20시~21시,82,0,0,1.4
쇼핑검색,2026.09.16.,쇼핑검색_모니터,LH85BEHHLGFXKR,PC,20시~21시,42,0,0,2.6
쇼핑검색,2026.09.14.,쇼핑검색_모니터,LH85BEHHLGFXKR,PC,21시~22시,88,0,0,2.4
쇼핑검색,2026.09.15.,쇼핑검색_모니터,LH85BEHHLGFXKR,PC,21시~22시,76,0,0,1.7
쇼핑검색,2026.09.16.,쇼핑검색_모니터,LH85BEHHLGFXKR,PC,21시~22시,46,0,0,2.7
쇼핑검색,2026.09.14.,쇼핑검색_모니터,LH85BEHHLGFXKR,PC,22시~23시,68,0,0,1.6
쇼핑검색,2026.09.15.,쇼핑검색_모니터,LH85BEHHLGFXKR,PC,22시~23시,61,2,4492,2.6
쇼핑검색,2026.09.16.,쇼핑검색_모니터,LH85BEHHLGFXKR,PC,22시~23시,50,0,0,2.1
쇼핑검색,2026.09.14.,쇼핑검색_모니터,LH85BEHHLGFXKR,PC,23시~00시,60,0,0,1.8
쇼핑검색,2026.09.15.,쇼핑검색_모니터,LH85BEHHLGFXKR,PC,23시~00시,38,0,0,1.5
쇼핑검색,2026.09.16.,쇼핑검색_모니터,LH85BEHHLGFXKR,PC,23시~00시,45,2,5596,1.4
쇼핑검색,2026.09.14.,쇼핑검색_모니터,LH85BEHHLGFXKR,모바일,00시~01시,4,0,0,3
쇼핑검색,2026.09.15.,쇼핑검색_모니터,LH85BEHHLGFXKR,모바일,00시~01시,5,0,0,1.6
쇼핑검색,2026.09.16.,쇼핑검색_모니터,LH85BEHHLGFXKR,모바일,00시~01시,3,0,0,1.7
쇼핑검색,2026.09.16.,쇼핑검색_모니터,LH85BEHHLGFXKR,모바일,07시~08시,166,3,9928,2.2
쇼핑검색,2026.09.16.,쇼핑검색_모니터,LH85BEHHLGFXKR,모바일,08시~09시,262,2,5986,2.3
쇼핑검색,2026.09.14.,쇼핑검색_모니터,LH85BEHHLGFXKR,모바일,09시~10시,315,1,2678,2.5
쇼핑검색,2026.09.15.,쇼핑검색_모니터,LH85BEHHLGFXKR,모바일,09시~10시,251,3,9593,2.7
쇼핑검색,2026.09.16.,쇼핑검색_모니터,LH85BEHHLGFXKR,모바일,09시~10시,338,7,22615,2.7
쇼핑검색,2026.09.14.,쇼핑검색_모니터,LH85BEHHLGFXKR,모바일,10시~11시,296,5,12608,2.6
쇼핑검색,2026.09.15.,쇼핑검색_모니터,LH85BEHHLGFXKR,모바일,10시~11시,327,2,4033,2.8
쇼핑검색,2026.09.16.,쇼핑검색_모니터,LH85BEHHLGFXKR,모바일,10시~11시,305,5,16571,2.4
쇼핑검색,2026.09.14.,쇼핑검색_모니터,LH85BEHHLGFXKR,모바일,11시~12시,295,1,2656,3.1
쇼핑검색,2026.09.15.,쇼핑검색_모니터,LH85BEHHLGFXKR,모바일,11시~12시,252,3,7952,2.9
쇼핑검색,2026.09.16.,쇼핑검색_모니터,LH85BEHHLGFXKR,모바일,11시~12시,298,0,0,2.6
쇼핑검색,2026.09.14.,쇼핑검색_모니터,LH85BEHHLGFXKR,모바일,12시~13시,238,6,16972,3.2
쇼핑검색,2026.09.15.,쇼핑검색_모니터,LH85BEHHLGFXKR,모바일,12시~13시,359,4,12991,2.4
쇼핑검색,2026.09.16.,쇼핑검색_모니터,LH85BEHHLGFXKR,모바일,12시~13시,389,5,13967,2.3
쇼핑검색,2026.09.14.,쇼핑검색_모니터,LH85BEHHLGFXKR,모바일,13시~14시,298,2,5387,3.2
쇼핑검색,2026.09.15.,쇼핑검색_모니터,LH85BEHHLGFXKR,모바일,13시~14시,333,2,6893,3.1
쇼핑검색,2026.09.16.,쇼핑검색_모니터,LH85BEHHLGFXKR,모바일,13시~14시,350,2,5789,2.5
쇼핑검색,2026.09.14.,쇼핑검색_모니터,LH85BEHHLGFXKR,모바일,14시~15시,283,1,1978,3
쇼핑검색,2026.09.15.,쇼핑검색_모니터,LH85BEHHLGFXKR,모바일,14시~15시,385,3,8956,2.4
쇼핑검색,2026.09.16.,쇼핑검색_모니터,LH85BEHHLGFXKR,모바일,14시~15시,386,3,6309,1.7
쇼핑검색,2026.09.14.,쇼핑검색_모니터,LH85BEHHLGFXKR,모바일,15시~16시,329,4,11035,2.7
쇼핑검색,2026.09.15.,쇼핑검색_모니터,LH85BEHHLGFXKR,모바일,15시~16시,436,4,11189,2.2
쇼핑검색,2026.09.16.,쇼핑검색_모니터,LH85BEHHLGFXKR,모바일,15시~16시,390,1,3458,2.1
쇼핑검색,2026.09.14.,쇼핑검색_모니터,LH85BEHHLGFXKR,모바일,16시~17시,320,3,5946,2.1
쇼핑검색,2026.09.15.,쇼핑검색_모니터,LH85BEHHLGFXKR,모바일,16시~17시,393,4,10739,2.4
쇼핑검색,2026.09.16.,쇼핑검색_모니터,LH85BEHHLGFXKR,모바일,16시~17시,371,2,6431,2
쇼핑검색,2026.09.14.,쇼핑검색_모니터,LH85BEHHLGFXKR,모바일,17시~18시,465,4,12491,2.4
쇼핑검색,2026.09.15.,쇼핑검색_모니터,LH85BEHHLGFXKR,모바일,17시~18시,398,2,5380,2.1
쇼핑검색,2026.09.16.,쇼핑검색_모니터,LH85BEHHLGFXKR,모바일,17시~18시,494,3,8327,1.9
쇼핑검색,2026.09.14.,쇼핑검색_모니터,LH85BEHHLGFXKR,모바일,18시~19시,390,3,10266,2.3
쇼핑검색,2026.09.15.,쇼핑검색_모니터,LH85BEHHLGFXKR,모바일,18시~19시,379,5,11972,1.9
쇼핑검색,2026.09.16.,쇼핑검색_모니터,LH85BEHHLGFXKR,모바일,18시~19시,335,5,15448,1.8
쇼핑검색,2026.09.14.,쇼핑검색_모니터,LH85BEHHLGFXKR,모바일,19시~20시,441,2,5476,2.5
쇼핑검색,2026.09.15.,쇼핑검색_모니터,LH85BEHHLGFXKR,모바일,19시~20시,436,4,9664,2.2
쇼핑검색,2026.09.16.,쇼핑검색_모니터,LH85BEHHLGFXKR,모바일,19시~20시,360,4,12493,2.3
쇼핑검색,2026.09.14.,쇼핑검색_모니터,LH85BEHHLGFXKR,모바일,20시~21시,507,4,10713,2.4
쇼핑검색,2026.09.15.,쇼핑검색_모니터,LH85BEHHLGFXKR,모바일,20시~21시,469,4,10240,2.2
쇼핑검색,2026.09.16.,쇼핑검색_모니터,LH85BEHHLGFXKR,모바일,20시~21시,520,7,18808,2.3
쇼핑검색,2026.09.14.,쇼핑검색_모니터,LH85BEHHLGFXKR,모바일,21시~22시,435,8,22466,2.3
쇼핑검색,2026.09.15.,쇼핑검색_모니터,LH85BEHHLGFXKR,모바일,21시~22시,481,7,19281,2.7
쇼핑검색,2026.09.16.,쇼핑검색_모니터,LH85BEHHLGFXKR,모바일,21시~22시,468,3,9627,2.4
쇼핑검색,2026.09.14.,쇼핑검색_모니터,LH85BEHHLGFXKR,모바일,22시~23시,391,2,6177,2.1
쇼핑검색,2026.09.15.,쇼핑검색_모니터,LH85BEHHLGFXKR,모바일,22시~23시,419,3,9064,2
쇼핑검색,2026.09.16.,쇼핑검색_모니터,LH85BEHHLGFXKR,모바일,22시~23시,413,4,13155,2.2
쇼핑검색,2026.09.14.,쇼핑검색_모니터,LH85BEHHLGFXKR,모바일,23시~00시,282,2,5432,2.1
쇼핑검색,2026.09.15.,쇼핑검색_모니터,LH85BEHHLGFXKR,모바일,23시~00시,284,2,4719,2.7
쇼핑검색,2026.09.16.,쇼핑검색_모니터,LH85BEHHLGFXKR,모바일,23시~00시,246,2,4947,2.1
쇼핑검색,2026.09.14.,쇼핑검색_하만_블루투스 스피커,JBL AUTH300BLKAS_PC,PC,08시~09시,108,0,0,3.1
쇼핑검색,2026.09.15.,쇼핑검색_하만_블루투스 스피커,JBL AUTH300BLKAS_PC,PC,08시~09시,101,1,1049,3.1
쇼핑검색,2026.09.16.,쇼핑검색_하만_블루투스 스피커,JBL AUTH300BLKAS_PC,PC,08시~09시,78,0,0,1.7
쇼핑검색,2026.09.14.,쇼핑검색_하만_블루투스 스피커,JBL AUTH300BLKAS_PC,PC,09시~10시,121,1,3770,2.4
쇼핑검색,2026.09.15.,쇼핑검색_하만_블루투스 스피커,JBL AUTH300BLKAS_PC,PC,09시~10시,115,1,1492,3.3
쇼핑검색,2026.09.16.,쇼핑검색_하만_블루투스 스피커,JBL AUTH300BLKAS_PC,PC,09시~10시,156,5,13136,1.6
쇼핑검색,2026.09.14.,쇼핑검색_하만_블루투스 스피커,JBL AUTH300BLKAS_PC,PC,10시~11시,187,0,0,1.9
쇼핑검색,2026.09.15.,쇼핑검색_하만_블루투스 스피커,JBL AUTH300BLKAS_PC,PC,10시~11시,161,1,2798,3
쇼핑검색,2026.09.16.,쇼핑검색_하만_블루투스 스피커,JBL AUTH300BLKAS_PC,PC,10시~11시,237,4,13054,2.2
쇼핑검색,2026.09.14.,쇼핑검색_하만_블루투스 스피커,JBL AUTH300BLKAS_PC,PC,11시~12시,190,3,10007,1.9
쇼핑검색,2026.09.15.,쇼핑검색_하만_블루투스 스피커,JBL AUTH300BLKAS_PC,PC,11시~12시,155,0,0,3.2
쇼핑검색,2026.09.16.,쇼핑검색_하만_블루투스 스피커,JBL AUTH300BLKAS_PC,PC,11시~12시,197,4,13410,1.7
쇼핑검색,2026.09.14.,쇼핑검색_하만_블루투스 스피커,JBL AUTH300BLKAS_PC,PC,12시~13시,124,1,3467,2.3
쇼핑검색,2026.09.15.,쇼핑검색_하만_블루투스 스피커,JBL AUTH300BLKAS_PC,PC,12시~13시,115,0,0,2.2
쇼핑검색,2026.09.16.,쇼핑검색_하만_블루투스 스피커,JBL AUTH300BLKAS_PC,PC,12시~13시,160,2,2232,2.4
쇼핑검색,2026.09.14.,쇼핑검색_하만_블루투스 스피커,JBL AUTH300BLKAS_PC,PC,13시~14시,174,3,10311,2.3
쇼핑검색,2026.09.15.,쇼핑검색_하만_블루투스 스피커,JBL AUTH300BLKAS_PC,PC,13시~14시,199,2,6761,2.2
쇼핑검색,2026.09.16.,쇼핑검색_하만_블루투스 스피커,JBL AUTH300BLKAS_PC,PC,13시~14시,191,2,6674,2
쇼핑검색,2026.09.14.,쇼핑검색_하만_블루투스 스피커,JBL AUTH300BLKAS_PC,PC,14시~15시,207,1,1355,1.9
쇼핑검색,2026.09.15.,쇼핑검색_하만_블루투스 스피커,JBL AUTH300BLKAS_PC,PC,14시~15시,277,1,3175,1.5
쇼핑검색,2026.09.16.,쇼핑검색_하만_블루투스 스피커,JBL AUTH300BLKAS_PC,PC,14시~15시,254,2,5277,1.8
쇼핑검색,2026.09.14.,쇼핑검색_하만_블루투스 스피커,JBL AUTH300BLKAS_PC,PC,15시~16시,254,0,0,1.9
쇼핑검색,2026.09.15.,쇼핑검색_하만_블루투스 스피커,JBL AUTH300BLKAS_PC,PC,15시~16시,201,1,2545,1.5
쇼핑검색,2026.09.16.,쇼핑검색_하만_블루투스 스피커,JBL AUTH300BLKAS_PC,PC,15시~16시,257,3,3485,1.8
쇼핑검색,2026.09.14.,쇼핑검색_하만_블루투스 스피커,JBL AUTH300BLKAS_PC,PC,16시~17시,218,4,12151,2.2
쇼핑검색,2026.09.15.,쇼핑검색_하만_블루투스 스피커,JBL AUTH300BLKAS_PC,PC,16시~17시,276,3,5925,1.6
쇼핑검색,2026.09.16.,쇼핑검색_하만_블루투스 스피커,JBL AUTH300BLKAS_PC,PC,16시~17시,243,1,4329,1.7
쇼핑검색,2026.09.14.,쇼핑검색_하만_블루투스 스피커,JBL AUTH300BLKAS_PC,PC,17시~18시,187,1,1524,2.6
쇼핑검색,2026.09.15.,쇼핑검색_하만_블루투스 스피커,JBL AUTH300BLKAS_PC,PC,17시~18시,210,2,6188,1.6
쇼핑검색,2026.09.16.,쇼핑검색_하만_블루투스 스피커,JBL AUTH300BLKAS_PC,PC,17시~18시,181,1,1160,1.9
쇼핑검색,2026.09.14.,쇼핑검색_하만_블루투스 스피커,JBL AUTH300BLKAS_PC,PC,18시~19시,91,0,0,2.1
쇼핑검색,2026.09.15.,쇼핑검색_하만_블루투스 스피커,JBL AUTH300BLKAS_PC,PC,18시~19시,96,0,0,1.3
쇼핑검색,2026.09.16.,쇼핑검색_하만_블루투스 스피커,JBL AUTH300BLKAS_PC,PC,18시~19시,101,0,0,1.9
쇼핑검색,2026.09.14.,쇼핑검색_하만_블루투스 스피커,JBL AUTH300BLKAS_PC,PC,19시~20시,68,1,1244,1.9
쇼핑검색,2026.09.15.,쇼핑검색_하만_블루투스 스피커,JBL AUTH300BLKAS_PC,PC,19시~20시,93,0,0,1.5
쇼핑검색,2026.09.16.,쇼핑검색_하만_블루투스 스피커,JBL AUTH300BLKAS_PC,PC,19시~20시,94,0,0,1.7
쇼핑검색,2026.09.14.,쇼핑검색_하만_블루투스 스피커,JBL AUTH300BLKAS_PC,PC,20시~21시,103,1,1319,2.1
쇼핑검색,2026.09.15.,쇼핑검색_하만_블루투스 스피커,JBL AUTH300BLKAS_PC,PC,20시~21시,78,0,0,1.9
쇼핑검색,2026.09.16.,쇼핑검색_하만_블루투스 스피커,JBL AUTH300BLKAS_PC,PC,20시~21시,77,0,0,2.2
쇼핑검색,2026.09.14.,쇼핑검색_하만_블루투스 스피커,JBL AUTH300BLKAS_PC,PC,21시~22시,132,1,1979,1.8
쇼핑검색,2026.09.15.,쇼핑검색_하만_블루투스 스피커,JBL AUTH300BLKAS_PC,PC,21시~22시,68,2,7099,1.5
쇼핑검색,2026.09.16.,쇼핑검색_하만_블루투스 스피커,JBL AUTH300BLKAS_PC,PC,21시~22시,90,0,0,1.7
쇼핑검색,2026.09.14.,쇼핑검색_하만_블루투스 스피커,JBL AUTH300BLKAS_PC,PC,22시~23시,87,3,11391,1.7
쇼핑검색,2026.09.15.,쇼핑검색_하만_블루투스 스피커,JBL AUTH300BLKAS_PC,PC,22시~23시,88,0,0,1.4
쇼핑검색,2026.09.16.,쇼핑검색_하만_블루투스 스피커,JBL AUTH300BLKAS_PC,PC,22시~23시,88,1,3633,1.7
쇼핑검색,2026.09.14.,쇼핑검색_하만_블루투스 스피커,JBL AUTH300BLKAS_PC,PC,23시~00시,92,0,0,1.8
쇼핑검색,2026.09.15.,쇼핑검색_하만_블루투스 스피커,JBL AUTH300BLKAS_PC,PC,23시~00시,63,0,0,1.4
쇼핑검색,2026.09.16.,쇼핑검색_하만_블루투스 스피커,JBL AUTH300BLKAS_PC,PC,23시~00시,68,0,0,1.5
쇼핑검색,2026.09.14.,쇼핑검색_하만_블루투스 스피커,JBL AUTH300BLKAS_MO,모바일,00시~01시,3,0,0,1
쇼핑검색,2026.09.15.,쇼핑검색_하만_블루투스 스피커,JBL AUTH300BLKAS_MO,모바일,00시~01시,4,1,3943,2
쇼핑검색,2026.09.16.,쇼핑검색_하만_블루투스 스피커,JBL AUTH300BLKAS_MO,모바일,00시~01시,4,0,0,1
쇼핑검색,2026.09.14.,쇼핑검색_하만_블루투스 스피커,JBL AUTH300BLKAS_MO,모바일,01시~02시,2,0,0,1
쇼핑검색,2026.09.14.,쇼핑검색_하만_블루투스 스피커,JBL AUTH300BLKAS_MO,모바일,08시~09시,234,7,13029,1.2
쇼핑검색,2026.09.15.,쇼핑검색_하만_블루투스 스피커,JBL AUTH300BLKAS_MO,모바일,08시~09시,219,3,11863,1.6
쇼핑검색,2026.09.16.,쇼핑검색_하만_블루투스 스피커,JBL AUTH300BLKAS_MO,모바일,08시~09시,218,3,8184,1.6
쇼핑검색,2026.09.14.,쇼핑검색_하만_블루투스 스피커,JBL AUTH300BLKAS_MO,모바일,09시~10시,275,3,5699,1.3
쇼핑검색,2026.09.15.,쇼핑검색_하만_블루투스 스피커,JBL AUTH300BLKAS_MO,모바일,09시~10시,242,2,5130,2.5
쇼핑검색,2026.09.16.,쇼핑검색_하만_블루투스 스피커,JBL AUTH300BLKAS_MO,모바일,09시~10시,238,6,16354,1.9
쇼핑검색,2026.09.14.,쇼핑검색_하만_블루투스 스피커,JBL AUTH300BLKAS_MO,모바일,10시~11시,323,3,8267,1.3
쇼핑검색,2026.09.15.,쇼핑검색_하만_블루투스 스피커,JBL AUTH300BLKAS_MO,모바일,10시~11시,269,1,1359,2.6
쇼핑검색,2026.09.16.,쇼핑검색_하만_블루투스 스피커,JBL AUTH300BLKAS_MO,모바일,10시~11시,270,0,0,2.2
쇼핑검색,2026.09.14.,쇼핑검색_하만_블루투스 스피커,JBL AUTH300BLKAS_MO,모바일,11시~12시,276,4,11746,1.5
쇼핑검색,2026.09.15.,쇼핑검색_하만_블루투스 스피커,JBL AUTH300BLKAS_MO,모바일,11시~12시,278,5,16286,2.6
쇼핑검색,2026.09.16.,쇼핑검색_하만_블루투스 스피커,JBL AUTH300BLKAS_MO,모바일,11시~12시,235,3,7233,1.8
쇼핑검색,2026.09.14.,쇼핑검색_하만_블루투스 스피커,JBL AUTH300BLKAS_MO,모바일,12시~13시,334,7,20311,1.9
쇼핑검색,2026.09.15.,쇼핑검색_하만_블루투스 스피커,JBL AUTH300BLKAS_MO,모바일,12시~13시,312,6,15597,2
쇼핑검색,2026.09.16.,쇼핑검색_하만_블루투스 스피커,JBL AUTH300BLKAS_MO,모바일,12시~13시,283,3,11873,2.3
쇼핑검색,2026.09.14.,쇼핑검색_하만_블루투스 스피커,JBL AUTH300BLKAS_MO,모바일,13시~14시,291,4,12928,2.1
쇼핑검색,2026.09.15.,쇼핑검색_하만_블루투스 스피커,JBL AUTH300BLKAS_MO,모바일,13시~14시,312,4,15666,1.9
쇼핑검색,2026.09.16.,쇼핑검색_하만_블루투스 스피커,JBL AUTH300BLKAS_MO,모바일,13시~14시,308,2,4023,2.1
쇼핑검색,2026.09.14.,쇼핑검색_하만_블루투스 스피커,JBL AUTH300BLKAS_MO,모바일,14시~15시,311,7,19702,1.6
쇼핑검색,2026.09.15.,쇼핑검색_하만_블루투스 스피커,JBL AUTH300BLKAS_MO,모바일,14시~15시,315,4,11844,1.6
쇼핑검색,2026.09.16.,쇼핑검색_하만_블루투스 스피커,JBL AUTH300BLKAS_MO,모바일,14시~15시,371,9,20387,1.3
쇼핑검색,2026.09.14.,쇼핑검색_하만_블루투스 스피커,JBL AUTH300BLKAS_MO,모바일,15시~16시,307,3,8249,2.1
쇼핑검색,2026.09.15.,쇼핑검색_하만_블루투스 스피커,JBL AUTH300BLKAS_MO,모바일,15시~16시,270,3,9459,1.5
쇼핑검색,2026.09.16.,쇼핑검색_하만_블루투스 스피커,JBL AUTH300BLKAS_MO,모바일,15시~16시,322,5,12643,1.2
쇼핑검색,2026.09.14.,쇼핑검색_하만_블루투스 스피커,JBL AUTH300BLKAS_MO,모바일,16시~17시,275,1,4180,2.1
쇼핑검색,2026.09.15.,쇼핑검색_하만_블루투스 스피커,JBL AUTH300BLKAS_MO,모바일,16시~17시,249,4,11892,1.6
쇼핑검색,2026.09.16.,쇼핑검색_하만_블루투스 스피커,JBL AUTH300BLKAS_MO,모바일,16시~17시,268,4,9715,1.4
쇼핑검색,2026.09.14.,쇼핑검색_하만_블루투스 스피커,JBL AUTH300BLKAS_MO,모바일,17시~18시,359,4,14851,2.1
쇼핑검색,2026.09.15.,쇼핑검색_하만_블루투스 스피커,JBL AUTH300BLKAS_MO,모바일,17시~18시,320,4,11719,1.6
쇼핑검색,2026.09.16.,쇼핑검색_하만_블루투스 스피커,JBL AUTH300BLKAS_MO,모바일,17시~18시,273,2,6520,1.5
쇼핑검색,2026.09.14.,쇼핑검색_하만_블루투스 스피커,JBL AUTH300BLKAS_MO,모바일,18시~19시,344,2,4962,1.9
쇼핑검색,2026.09.15.,쇼핑검색_하만_블루투스 스피커,JBL AUTH300BLKAS_MO,모바일,18시~19시,309,2,6531,1.5
쇼핑검색,2026.09.16.,쇼핑검색_하만_블루투스 스피커,JBL AUTH300BLKAS_MO,모바일,18시~19시,319,5,14576,1.4
쇼핑검색,2026.09.14.,쇼핑검색_하만_블루투스 스피커,JBL AUTH300BLKAS_MO,모바일,19시~20시,311,1,3873,2
쇼핑검색,2026.09.15.,쇼핑검색_하만_블루투스 스피커,JBL AUTH300BLKAS_MO,모바일,19시~20시,376,7,17747,1.4
쇼핑검색,2026.09.16.,쇼핑검색_하만_블루투스 스피커,JBL AUTH300BLKAS_MO,모바일,19시~20시,299,5,7972,1.8
쇼핑검색,2026.09.14.,쇼핑검색_하만_블루투스 스피커,JBL AUTH300BLKAS_MO,모바일,20시~21시,361,3,8093,1.7
쇼핑검색,2026.09.15.,쇼핑검색_하만_블루투스 스피커,JBL AUTH300BLKAS_MO,모바일,20시~21시,478,7,20062,1.2
쇼핑검색,2026.09.16.,쇼핑검색_하만_블루투스 스피커,JBL AUTH300BLKAS_MO,모바일,20시~21시,369,3,3242,1.4
쇼핑검색,2026.09.14.,쇼핑검색_하만_블루투스 스피커,JBL AUTH300BLKAS_MO,모바일,21시~22시,432,3,4877,1.8
쇼핑검색,2026.09.15.,쇼핑검색_하만_블루투스 스피커,JBL AUTH300BLKAS_MO,모바일,21시~22시,448,8,19184,1.3
쇼핑검색,2026.09.16.,쇼핑검색_하만_블루투스 스피커,JBL AUTH300BLKAS_MO,모바일,21시~22시,378,9,27270,1.5
쇼핑검색,2026.09.14.,쇼핑검색_하만_블루투스 스피커,JBL AUTH300BLKAS_MO,모바일,22시~23시,421,4,12939,1.7
쇼핑검색,2026.09.15.,쇼핑검색_하만_블루투스 스피커,JBL AUTH300BLKAS_MO,모바일,22시~23시,459,7,13354,1.3
쇼핑검색,2026.09.16.,쇼핑검색_하만_블루투스 스피커,JBL AUTH300BLKAS_MO,모바일,22시~23시,418,9,26770,1.3
쇼핑검색,2026.09.14.,쇼핑검색_하만_블루투스 스피커,JBL AUTH300BLKAS_MO,모바일,23시~00시,320,5,8783,1.5
쇼핑검색,2026.09.15.,쇼핑검색_하만_블루투스 스피커,JBL AUTH300BLKAS_MO,모바일,23시~00시,259,4,8922,1.2
쇼핑검색,2026.09.16.,쇼핑검색_하만_블루투스 스피커,JBL AUTH300BLKAS_MO,모바일,23시~00시,308,3,5290,1.2
쇼핑검색,2026.09.14.,쇼핑검색_하만_블루투스 헤드셋,JBL LIVE680NC_PC,PC,08시~09시,75,1,2858,1.1
쇼핑검색,2026.09.15.,쇼핑검색_하만_블루투스 헤드셋,JBL LIVE680NC_PC,PC,08시~09시,69,0,0,1.7
쇼핑검색,2026.09.16.,쇼핑검색_하만_블루투스 헤드셋,JBL LIVE680NC_PC,PC,08시~09시,61,1,2421,1.5
쇼핑검색,2026.09.14.,쇼핑검색_하만_블루투스 헤드셋,JBL LIVE680NC_PC,PC,09시~10시,134,2,6812,1.2
쇼핑검색,2026.09.15.,쇼핑검색_하만_블루투스 헤드셋,JBL LIVE680NC_PC,PC,09시~10시,115,1,1218,1.9
쇼핑검색,2026.09.16.,쇼핑검색_하만_블루투스 헤드셋,JBL LIVE680NC_PC,PC,09시~10시,127,1,810,1.6
쇼핑검색,2026.09.14.,쇼핑검색_하만_블루투스 헤드셋,JBL LIVE680NC_PC,PC,10시~11시,146,2,4423,1.3
쇼핑검색,2026.09.15.,쇼핑검색_하만_블루투스 헤드셋,JBL LIVE680NC_PC,PC,10시~11시,119,2,3131,2.2
쇼핑검색,2026.09.16.,쇼핑검색_하만_블루투스 헤드셋,JBL LIVE680NC_PC,PC,10시~11시,140,1,3588,1.7
쇼핑검색,2026.09.14.,쇼핑검색_하만_블루투스 헤드셋,JBL LIVE680NC_PC,PC,11시~12시,115,2,7516,1.5
쇼핑검색,2026.09.15.,쇼핑검색_하만_블루투스 헤드셋,JBL LIVE680NC_PC,PC,11시~12시,113,1,3346,1.8
쇼핑검색,2026.09.16.,쇼핑검색_하만_블루투스 헤드셋,JBL LIVE680NC_PC,PC,11시~12시,147,1,2215,1.6
쇼핑검색,2026.09.14.,쇼핑검색_하만_블루투스 헤드셋,JBL LIVE680NC_PC,PC,12시~13시,92,0,0,2.4
쇼핑검색,2026.09.15.,쇼핑검색_하만_블루투스 헤드셋,JBL LIVE680NC_PC,PC,12시~13시,80,2,1597,2
쇼핑검색,2026.09.16.,쇼핑검색_하만_블루투스 헤드셋,JBL LIVE680NC_PC,PC,12시~13시,123,0,0,1.6
쇼핑검색,2026.09.14.,쇼핑검색_하만_블루투스 헤드셋,JBL LIVE680NC_PC,PC,13시~14시,112,0,0,2.3
쇼핑검색,2026.09.15.,쇼핑검색_하만_블루투스 헤드셋,JBL LIVE680NC_PC,PC,13시~14시,122,0,0,2.2
쇼핑검색,2026.09.16.,쇼핑검색_하만_블루투스 헤드셋,JBL LIVE680NC_PC,PC,13시~14시,139,5,17188,1.6
쇼핑검색,2026.09.14.,쇼핑검색_하만_블루투스 헤드셋,JBL LIVE680NC_PC,PC,14시~15시,131,0,0,2.1
쇼핑검색,2026.09.15.,쇼핑검색_하만_블루투스 헤드셋,JBL LIVE680NC_PC,PC,14시~15시,162,4,5388,1.6
쇼핑검색,2026.09.16.,쇼핑검색_하만_블루투스 헤드셋,JBL LIVE680NC_PC,PC,14시~15시,128,0,0,1.9
쇼핑검색,2026.09.14.,쇼핑검색_하만_블루투스 헤드셋,JBL LIVE680NC_PC,PC,15시~16시,132,1,2772,2
쇼핑검색,2026.09.15.,쇼핑검색_하만_블루투스 헤드셋,JBL LIVE680NC_PC,PC,15시~16시,158,1,2767,1.4
쇼핑검색,2026.09.16.,쇼핑검색_하만_블루투스 헤드셋,JBL LIVE680NC_PC,PC,15시~16시,162,1,3720,1.7
쇼핑검색,2026.09.14.,쇼핑검색_하만_블루투스 헤드셋,JBL LIVE680NC_PC,PC,16시~17시,139,1,3612,2
쇼핑검색,2026.09.15.,쇼핑검색_하만_블루투스 헤드셋,JBL LIVE680NC_PC,PC,16시~17시,131,3,5071,1.4
쇼핑검색,2026.09.16.,쇼핑검색_하만_블루투스 헤드셋,JBL LIVE680NC_PC,PC,16시~17시,162,2,3790,1.9
쇼핑검색,2026.09.14.,쇼핑검색_하만_블루투스 헤드셋,JBL LIVE680NC_PC,PC,17시~18시,130,0,0,2
쇼핑검색,2026.09.15.,쇼핑검색_하만_블루투스 헤드셋,JBL LIVE680NC_PC,PC,17시~18시,112,3,5429,1.3
쇼핑검색,2026.09.16.,쇼핑검색_하만_블루투스 헤드셋,JBL LIVE680NC_PC,PC,17시~18시,124,1,3073,1.5
쇼핑검색,2026.09.14.,쇼핑검색_하만_블루투스 헤드셋,JBL LIVE680NC_PC,PC,18시~19시,80,0,0,2.1
쇼핑검색,2026.09.15.,쇼핑검색_하만_블루투스 헤드셋,JBL LIVE680NC_PC,PC,18시~19시,65,0,0,1.3
쇼핑검색,2026.09.16.,쇼핑검색_하만_블루투스 헤드셋,JBL LIVE680NC_PC,PC,18시~19시,82,3,8106,1.7
쇼핑검색,2026.09.14.,쇼핑검색_하만_블루투스 헤드셋,JBL LIVE680NC_PC,PC,19시~20시,59,0,0,2.1
쇼핑검색,2026.09.15.,쇼핑검색_하만_블루투스 헤드셋,JBL LIVE680NC_PC,PC,19시~20시,75,2,6275,1.2
쇼핑검색,2026.09.16.,쇼핑검색_하만_블루투스 헤드셋,JBL LIVE680NC_PC,PC,19시~20시,77,0,0,1.4
쇼핑검색,2026.09.14.,쇼핑검색_하만_블루투스 헤드셋,JBL LIVE680NC_PC,PC,20시~21시,68,0,0,1.8
쇼핑검색,2026.09.15.,쇼핑검색_하만_블루투스 헤드셋,JBL LIVE680NC_PC,PC,20시~21시,90,0,0,1.8
쇼핑검색,2026.09.16.,쇼핑검색_하만_블루투스 헤드셋,JBL LIVE680NC_PC,PC,20시~21시,70,0,0,1.5
쇼핑검색,2026.09.14.,쇼핑검색_하만_블루투스 헤드셋,JBL LIVE680NC_PC,PC,21시~22시,76,0,0,1.9
쇼핑검색,2026.09.15.,쇼핑검색_하만_블루투스 헤드셋,JBL LIVE680NC_PC,PC,21시~22시,109,2,4947,1.3
쇼핑검색,2026.09.16.,쇼핑검색_하만_블루투스 헤드셋,JBL LIVE680NC_PC,PC,21시~22시,81,0,0,1.7
쇼핑검색,2026.09.14.,쇼핑검색_하만_블루투스 헤드셋,JBL LIVE680NC_PC,PC,22시~23시,81,2,6381,1.8
쇼핑검색,2026.09.15.,쇼핑검색_하만_블루투스 헤드셋,JBL LIVE680NC_PC,PC,22시~23시,84,1,521,1.4
쇼핑검색,2026.09.16.,쇼핑검색_하만_블루투스 헤드셋,JBL LIVE680NC_PC,PC,22시~23시,74,2,1633,1.2
쇼핑검색,2026.09.14.,쇼핑검색_하만_블루투스 헤드셋,JBL LIVE680NC_PC,PC,23시~00시,63,2,4462,1.8
쇼핑검색,2026.09.15.,쇼핑검색_하만_블루투스 헤드셋,JBL LIVE680NC_PC,PC,23시~00시,80,0,0,1.3
쇼핑검색,2026.09.16.,쇼핑검색_하만_블루투스 헤드셋,JBL LIVE680NC_PC,PC,23시~00시,99,1,3616,1.2
쇼핑검색,2026.09.15.,쇼핑검색_하만_블루투스 헤드셋,JBL LIVE680NC_MO,모바일,00시~01시,4,0,0,3.3
쇼핑검색,2026.09.16.,쇼핑검색_하만_블루투스 헤드셋,JBL LIVE680NC_MO,모바일,00시~01시,2,0,0,1
쇼핑검색,2026.09.14.,쇼핑검색_하만_블루투스 헤드셋,JBL LIVE680NC_MO,모바일,08시~09시,151,2,1691,1.1
쇼핑검색,2026.09.15.,쇼핑검색_하만_블루투스 헤드셋,JBL LIVE680NC_MO,모바일,08시~09시,147,1,3735,1.6
쇼핑검색,2026.09.16.,쇼핑검색_하만_블루투스 헤드셋,JBL LIVE680NC_MO,모바일,08시~09시,146,2,7178,1.4
쇼핑검색,2026.09.14.,쇼핑검색_하만_블루투스 헤드셋,JBL LIVE680NC_MO,모바일,09시~10시,144,4,5556,1
쇼핑검색,2026.09.15.,쇼핑검색_하만_블루투스 헤드셋,JBL LIVE680NC_MO,모바일,09시~10시,164,5,14524,1.8
쇼핑검색,2026.09.16.,쇼핑검색_하만_블루투스 헤드셋,JBL LIVE680NC_MO,모바일,09시~10시,191,2,3304,1.3
쇼핑검색,2026.09.14.,쇼핑검색_하만_블루투스 헤드셋,JBL LIVE680NC_MO,모바일,10시~11시,196,2,3017,1
쇼핑검색,2026.09.15.,쇼핑검색_하만_블루투스 헤드셋,JBL LIVE680NC_MO,모바일,10시~11시,158,3,8326,1.8
쇼핑검색,2026.09.16.,쇼핑검색_하만_블루투스 헤드셋,JBL LIVE680NC_MO,모바일,10시~11시,178,2,3617,1.6
쇼핑검색,2026.09.14.,쇼핑검색_하만_블루투스 헤드셋,JBL LIVE680NC_MO,모바일,11시~12시,177,3,5224,1.7
쇼핑검색,2026.09.15.,쇼핑검색_하만_블루투스 헤드셋,JBL LIVE680NC_MO,모바일,11시~12시,155,0,0,2.1
쇼핑검색,2026.09.16.,쇼핑검색_하만_블루투스 헤드셋,JBL LIVE680NC_MO,모바일,11시~12시,206,2,7092,1.5
쇼핑검색,2026.09.14.,쇼핑검색_하만_블루투스 헤드셋,JBL LIVE680NC_MO,모바일,12시~13시,161,5,8830,1.8
쇼핑검색,2026.09.15.,쇼핑검색_하만_블루투스 헤드셋,JBL LIVE680NC_MO,모바일,12시~13시,180,8,19479,1.9
쇼핑검색,2026.09.16.,쇼핑검색_하만_블루투스 헤드셋,JBL LIVE680NC_MO,모바일,12시~13시,177,4,11149,1.3
쇼핑검색,2026.09.14.,쇼핑검색_하만_블루투스 헤드셋,JBL LIVE680NC_MO,모바일,13시~14시,159,3,6100,1.8
쇼핑검색,2026.09.15.,쇼핑검색_하만_블루투스 헤드셋,JBL LIVE680NC_MO,모바일,13시~14시,190,2,6589,2
쇼핑검색,2026.09.16.,쇼핑검색_하만_블루투스 헤드셋,JBL LIVE680NC_MO,모바일,13시~14시,187,3,6136,1.2
쇼핑검색,2026.09.14.,쇼핑검색_하만_블루투스 헤드셋,JBL LIVE680NC_MO,모바일,14시~15시,156,3,7963,1.8
쇼핑검색,2026.09.15.,쇼핑검색_하만_블루투스 헤드셋,JBL LIVE680NC_MO,모바일,14시~15시,225,3,3448,1.4
쇼핑검색,2026.09.16.,쇼핑검색_하만_블루투스 헤드셋,JBL LIVE680NC_MO,모바일,14시~15시,183,3,8196,1.2
쇼핑검색,2026.09.14.,쇼핑검색_하만_블루투스 헤드셋,JBL LIVE680NC_MO,모바일,15시~16시,184,5,16339,1.7
쇼핑검색,2026.09.15.,쇼핑검색_하만_블루투스 헤드셋,JBL LIVE680NC_MO,모바일,15시~16시,170,0,0,1.3
쇼핑검색,2026.09.16.,쇼핑검색_하만_블루투스 헤드셋,JBL LIVE680NC_MO,모바일,15시~16시,195,1,2142,1.1
쇼핑검색,2026.09.14.,쇼핑검색_하만_블루투스 헤드셋,JBL LIVE680NC_MO,모바일,16시~17시,157,5,13811,1.9
쇼핑검색,2026.09.15.,쇼핑검색_하만_블루투스 헤드셋,JBL LIVE680NC_MO,모바일,16시~17시,206,9,20880,1.2
쇼핑검색,2026.09.16.,쇼핑검색_하만_블루투스 헤드셋,JBL LIVE680NC_MO,모바일,16시~17시,189,2,2477,1.3
쇼핑검색,2026.09.14.,쇼핑검색_하만_블루투스 헤드셋,JBL LIVE680NC_MO,모바일,17시~18시,206,3,10385,2.1
쇼핑검색,2026.09.15.,쇼핑검색_하만_블루투스 헤드셋,JBL LIVE680NC_MO,모바일,17시~18시,190,3,4826,1.3
쇼핑검색,2026.09.16.,쇼핑검색_하만_블루투스 헤드셋,JBL LIVE680NC_MO,모바일,17시~18시,210,2,5215,1.2
쇼핑검색,2026.09.14.,쇼핑검색_하만_블루투스 헤드셋,JBL LIVE680NC_MO,모바일,18시~19시,210,2,2895,1.7
쇼핑검색,2026.09.15.,쇼핑검색_하만_블루투스 헤드셋,JBL LIVE680NC_MO,모바일,18시~19시,168,2,2384,1.1
쇼핑검색,2026.09.16.,쇼핑검색_하만_블루투스 헤드셋,JBL LIVE680NC_MO,모바일,18시~19시,207,2,4938,1.2
쇼핑검색,2026.09.14.,쇼핑검색_하만_블루투스 헤드셋,JBL LIVE680NC_MO,모바일,19시~20시,220,5,13648,1.7
쇼핑검색,2026.09.15.,쇼핑검색_하만_블루투스 헤드셋,JBL LIVE680NC_MO,모바일,19시~20시,210,2,1815,1.2
쇼핑검색,2026.09.16.,쇼핑검색_하만_블루투스 헤드셋,JBL LIVE680NC_MO,모바일,19시~20시,194,5,8157,1.2
쇼핑검색,2026.09.14.,쇼핑검색_하만_블루투스 헤드셋,JBL LIVE680NC_MO,모바일,20시~21시,258,5,13316,1.7
쇼핑검색,2026.09.15.,쇼핑검색_하만_블루투스 헤드셋,JBL LIVE680NC_MO,모바일,20시~21시,242,4,9454,1.3
쇼핑검색,2026.09.16.,쇼핑검색_하만_블루투스 헤드셋,JBL LIVE680NC_MO,모바일,20시~21시,252,5,11972,1.4
쇼핑검색,2026.09.14.,쇼핑검색_하만_블루투스 헤드셋,JBL LIVE680NC_MO,모바일,21시~22시,322,2,6893,1.7
쇼핑검색,2026.09.15.,쇼핑검색_하만_블루투스 헤드셋,JBL LIVE680NC_MO,모바일,21시~22시,335,5,6184,1.2
쇼핑검색,2026.09.16.,쇼핑검색_하만_블루투스 헤드셋,JBL LIVE680NC_MO,모바일,21시~22시,294,6,9903,1.3
쇼핑검색,2026.09.14.,쇼핑검색_하만_블루투스 헤드셋,JBL LIVE680NC_MO,모바일,22시~23시,242,5,9683,1.7
쇼핑검색,2026.09.15.,쇼핑검색_하만_블루투스 헤드셋,JBL LIVE680NC_MO,모바일,22시~23시,268,5,12830,1.2
쇼핑검색,2026.09.16.,쇼핑검색_하만_블루투스 헤드셋,JBL LIVE680NC_MO,모바일,22시~23시,259,5,8621,1.2
쇼핑검색,2026.09.14.,쇼핑검색_하만_블루투스 헤드셋,JBL LIVE680NC_MO,모바일,23시~00시,238,6,15926,1.7
쇼핑검색,2026.09.15.,쇼핑검색_하만_블루투스 헤드셋,JBL LIVE680NC_MO,모바일,23시~00시,222,5,10910,1.2
쇼핑검색,2026.09.16.,쇼핑검색_하만_블루투스 헤드셋,JBL LIVE680NC_MO,모바일,23시~00시,223,9,24114,1.1
